# TULX32 shop layout: application in ota_0, recovery system in factory.
# Bootloader, this table, factory, prov and rcfg are fixed at delivery.
# NVS stays at 0x9000/0x5000 and otadata at 0xE000, as in partitions_4mb_ota.csv.
# Name,   Type, SubType,  Offset,   Size
nvs,      data, nvs,      0x9000,   0x5000
otadata,  data, ota,      0xE000,   0x2000
ota_0,    app,  ota_0,    0x10000,  0x278000
storage,  data, littlefs, 0x288000, 0x20000
actor_db, data, nvs,      0x2A8000, 0x8000
factory,  app,  factory,  0x2B0000, 0x140000
prov,     data, 0x40,     0x3F0000, 0x1000
rcfg,     data, 0x41,     0x3F1000, 0x1000
coredump, data, coredump, 0x3F2000, 0xE000
